{
  "worker_id": "worker_001",
  "timestamp": 1762354574.1762388,
  "count": 1,
  "detections": [
    {
      "timestamp": 1762354573.5270658,
      "sequence_number": 94,
      "is_valid": false,
      "viewer_id": "worker_001_viewer_11",
      "rgb": [
        218,
        188,
        80
      ],
      "relative_time": 158.7850799560547,
      "frame_number": 1108,
      "encoding_method": "diagonal"
    }
  ]
}