{
  "worker_id": "worker_001",
  "timestamp": 1762354569.1669927,
  "count": 1,
  "detections": [
    {
      "timestamp": 1762354568.4023495,
      "sequence_number": 91,
      "is_valid": false,
      "viewer_id": "worker_001_viewer_11",
      "rgb": [
        218,
        183,
        84
      ],
      "relative_time": 153.66036367416382,
      "frame_number": 958,
      "encoding_method": "diagonal"
    }
  ]
}