{
  "worker_id": "worker_001",
  "timestamp": 1762354572.1733892,
  "count": 1,
  "detections": [
    {
      "timestamp": 1762354571.4796603,
      "sequence_number": 93,
      "is_valid": false,
      "viewer_id": "worker_001_viewer_11",
      "rgb": [
        218,
        187,
        81
      ],
      "relative_time": 156.7376744747162,
      "frame_number": 1048,
      "encoding_method": "diagonal"
    }
  ]
}