{
  "worker_id": "worker_001",
  "timestamp": 1762354575.1767635,
  "count": 1,
  "detections": [
    {
      "timestamp": 1762354574.525653,
      "sequence_number": 94,
      "is_valid": false,
      "viewer_id": "worker_001_viewer_11",
      "rgb": [
        218,
        189,
        79
      ],
      "relative_time": 159.78366708755493,
      "frame_number": 1137,
      "encoding_method": "diagonal"
    }
  ]
}