{
  "worker_id": "worker_001",
  "timestamp": 1762354573.1750088,
  "count": 1,
  "detections": [
    {
      "timestamp": 1762354572.5043788,
      "sequence_number": 93,
      "is_valid": false,
      "viewer_id": "worker_001_viewer_11",
      "rgb": [
        218,
        187,
        81
      ],
      "relative_time": 157.7623929977417,
      "frame_number": 1078,
      "encoding_method": "diagonal"
    }
  ]
}