{
  "worker_id": "worker_001",
  "timestamp": 1762354554.1370971,
  "count": 1,
  "detections": [
    {
      "timestamp": 1762354554.0761054,
      "sequence_number": 57,
      "is_valid": false,
      "viewer_id": "worker_001_viewer_11",
      "rgb": [
        123,
        115,
        122
      ],
      "relative_time": 139.33411955833435,
      "frame_number": 539,
      "encoding_method": "diagonal"
    }
  ]
}