{
  "worker_id": "worker_001",
  "timestamp": 1762354557.1454928,
  "count": 1,
  "detections": [
    {
      "timestamp": 1762354557.1208375,
      "sequence_number": 85,
      "is_valid": false,
      "viewer_id": "worker_001_viewer_11",
      "rgb": [
        220,
        170,
        93
      ],
      "relative_time": 142.37885165214539,
      "frame_number": 628,
      "encoding_method": "diagonal"
    }
  ]
}